Facility_Name,Image_URL
Gobble 'n Grunt Archery & Outfitting,NOT_FOUND
AMA Sportsmen Club,NOT_FOUND
Aylmer Golden Feather A.C.,NOT_FOUND
Bancroft Archery Club,NOT_FOUND
Wolf's Den Sports,NOT_FOUND
Oshawa Clay and Target Club,NOT_FOUND
Quinte Bay Archers,NOT_FOUND
Base Borden Rod and Gun Club,NOT_FOUND
Bothwell Archery Club,NOT_FOUND
Peel Archery Club,NOT_FOUND
Brant Rod & Gun Club,NOT_FOUND
Brockville District Fish and Game Club,NOT_FOUND
Burlington Rifle and Revolver Club,NOT_FOUND
Halton Sportsmen's Association,NOT_FOUND
The Archers of Caledon,NOT_FOUND
Archery Canada Centre of Excellence - Cambridge 2022,NOT_FOUND
Cambridge Archery Club,NOT_FOUND
Galt Sportsmen's Club,NOT_FOUND
Stittsville Shooting Ranges,NOT_FOUND
Bridgeport Rod & Gun Club,NOT_FOUND
Dover Rod & Gun Club,NOT_FOUND
Onaping Falls Archery Club,NOT_FOUND
Ten Point Archery,NOT_FOUND
Chesley Community Archery Club,NOT_FOUND
Collingwood Archery Club,NOT_FOUND
The Archery Place,NOT_FOUND
Wilderness Bowhunters and Archers Association,NOT_FOUND
South Nation Archery Club,NOT_FOUND
Delhi Archery Club,NOT_FOUND
Delhi Belgian Archery Club,NOT_FOUND
Dryden Archery Club,NOT_FOUND
Club Tir Ã  l'Arc de Dubreuilville,NOT_FOUND
A.I.M - Archers In Muskoka,NOT_FOUND
Elliot Lake Archery Club,NOT_FOUND
Elmira District Rod & Gun,NOT_FOUND
Southern Canadian Archery Club,NOT_FOUND
Canadian Sportsmens Club,NOT_FOUND
Georgina Archery Club,NOT_FOUND
Rifles and Reels Game & Fish Club,NOT_FOUND
Trailsmen Rod & Gun Club,NOT_FOUND
Golden Horseshoe Mounted Archery,NOT_FOUND
Sigma Archery,NOT_FOUND
Royal City Bowmen,NOT_FOUND
York County Bowmen,NOT_FOUND
Lower Trent Valley Fish and Game Club,NOT_FOUND
Peterborough Fish and Game Association,NOT_FOUND
Easthill Outdoors,NOT_FOUND
Erie Trackers,NOT_FOUND
Port Colborne District Conservation Club,NOT_FOUND
St. Catharines Bowmen Archery Club,NOT_FOUND
Maple Leaf Marksmen Inc.,NOT_FOUND
Niagara Regional Sportsmen,NOT_FOUND
Archers Arena,NOT_FOUND
Barefoot Bushcraft,NOT_FOUND
Niagara Falls Archery Club,NOT_FOUND
North Bay Bowhunters and Archers,NOT_FOUND
Parry Sound Anglers and Hunters,NOT_FOUND
Temiskaming Bullseye Club,NOT_FOUND
Timmins Bow and Archery Club,NOT_FOUND
Lively Archery Club,NOT_FOUND
Algoma Rod and Gun Club,NOT_FOUND
Thessalon and Area Rod and Gun Club,NOT_FOUND
Durham Archers,NOT_FOUND
Windsor Sportsmen's Club,NOT_FOUND
Windsor Archery Range,NOT_FOUND
Sudbury Game and Fish Protective Association,NOT_FOUND
Haliburton County Marksmen Club,NOT_FOUND
MilCun Training Center,NOT_FOUND
Hamilton Archery Centre,NOT_FOUND
Waterdown Rod and Gun Club,NOT_FOUND
Tavistock Rod and Gun Club,NOT_FOUND
Waterford Family Archery Club,NOT_FOUND
Silver Swords Armouries,NOT_FOUND
Sault North Archery Club,NOT_FOUND
Kawartha Traditional Archery Club,NOT_FOUND
Kingston Archery Club,NOT_FOUND
Waterloo County Bowmen's Club,NOT_FOUND
Pioneer Sportsmen Club,NOT_FOUND
Central Manitoulin Archers,NOT_FOUND
Ontario Centre for Classical Sport,NOT_FOUND
Grand Archery,NOT_FOUND
Archery 2 You,NOT_FOUND
Solely Archery Club,NOT_FOUND
Forest City Archers,NOT_FOUND
Flying Feathers Archery Club Inc.,NOT_FOUND
Rose City Archers,NOT_FOUND
Georgian Bay Hunters & Anglers Club,NOT_FOUND
Amherstburg Target Sports,NOT_FOUND
Guelph Rod and Gun Club,NOT_FOUND
The Royal Garrison,NOT_FOUND
Parkline Archery Club,NOT_FOUND
Archery Exclusive,NOT_FOUND
Eastern Ontario Shooting Club,NOT_FOUND
Carleton Archery Club,NOT_FOUND
Kanata Archery Club,NOT_FOUND
Woods North Archery,NOT_FOUND
Ottawa Archers,NOT_FOUND
Ottawa Kyudo Association,NOT_FOUND
RA Centre Archery Club,NOT_FOUND
XQuest Archery,NOT_FOUND
Lanark County Bowhunters Organization,NOT_FOUND
East Grey Hunters and Anglers Association,NOT_FOUND
Sydenham Sportsmen's Association,NOT_FOUND
Barrie District Hunters & Anglers Conservation Club,NOT_FOUND
Peterborough Archers,NOT_FOUND
Petawawa Archery Club,NOT_FOUND
Pembroke Outdoor Sportsman Club,NOT_FOUND
Peterborough Fish and Game Association,NOT_FOUND
Saugeen Shafts,NOT_FOUND
St. Joseph Island Hunters & Anglers Association,NOT_FOUND
Lakehead Archers Inc.,NOT_FOUND
Lambton Bowhunters Association Inc.,NOT_FOUND
Red Lake Archery,NOT_FOUND
Dryden District Conservation Club Inc.,NOT_FOUND
Eganville and District Sportsman's Club,NOT_FOUND
Sarnia School of Archery,NOT_FOUND
Arrows in Motion,NOT_FOUND
Shooting Academy Canada Ltd.,NOT_FOUND
Red Head Archery,NOT_FOUND
Port Colborne & District Conservation Club,NOT_FOUND
Lambton Sportsman's Club,NOT_FOUND
Lambton Conservation Association (Mandaumin Gun Club),NOT_FOUND
Smiths Falls Fish and Game Club,NOT_FOUND
Sudbury Game and Fish Protective Association,NOT_FOUND
E.T. Seton Park Archery Range,NOT_FOUND
Hart House Archery Club,NOT_FOUND
Wallaceburg C.B.D. Archery Club (Pop N Jay Archery Club),NOT_FOUND
Waterloo County Bowmen,NOT_FOUND
Oxford Fish and Game Protection Association,NOT_FOUND
Rogue's Hollow Archery Adventure,NOT_FOUND
Kincardine Nimrod Club,NOT_FOUND
Bruce Peninsula Sportsmen Association,NOT_FOUND
Thunder Bay Fish and Game Association,NOT_FOUND
Toronto School of Archery,NOT_FOUND
Lake of the Woods Gun Club,NOT_FOUND
Kent Cloverleaf Conservation Club,NOT_FOUND
Kingston and District Trap and Skeet Club,NOT_FOUND
Barrie Gun Club,NOT_FOUND
Simcoe County Gun Club,NOT_FOUND
Saugeen Valley Bowmen,NOT_FOUND
